"","sol_category","rate","totaldays"
"1","night",11.191845718191,753
"2","dusk/dawn",10.308086083008,480
"3","day",13.7727949399684,1066
