"year","perc"
2015,44.6666666666667
2016,66.8965517241379
2017,58.1699346405229
2018,43.7908496732026
2019,39.8692810457516
2020,36.1111111111111
2021,42.7631578947368
NA,NA
