"yr","month","perc"
1,1,64.5161290322581
1,2,53.5714285714286
1,3,32.258064516129
1,4,43.3333333333333
1,5,70.9677419354839
1,6,26.6666666666667
1,7,16.1290322580645
1,8,0
1,9,20
1,10,58.0645161290323
1,11,20
1,12,41.9354838709677
