"yr","month","perc"
1,1,41.9354838709677
1,2,0
1,3,0
1,4,0
1,5,0
1,6,0
1,7,0
1,8,0
1,9,43.3333333333333
1,10,93.5483870967742
1,11,43.3333333333333
1,12,58.0645161290323
