"year","perc"
2015,44.6666666666667
2016,63.4005763688761
2017,48.0769230769231
2018,49.859943977591
2019,47.3239436619718
2020,42.5770308123249
2021,40.8450704225352
2022,38.5915492957746
